<?xml version="1.0"?>
<font>
  <info face="interfont" size="64" bold="0" italic="0" charset="" unicode="1" stretchH="100" smooth="1" aa="1" padding="0,0,0,0" spacing="1,1" outline="0"/>
  <common lineHeight="64" base="64" scaleW="512" scaleH="512" pages="1" packed="0" alphaChnl="0" redChnl="4" greenChnl="4" blueChnl="4"/>
  <pages>
    <page id="0" file="interfont.png" />
  </pages>
  <chars count="202">
    <char id="32" x="508" y="39" width="1" height="1" xoffset="0" yoffset="0" xadvance="43" page="0" chnl="15" />
    <char id="33" x="49" y="39" width="11" height="38" xoffset="0" yoffset="0" xadvance="43" page="0" chnl="15" />
    <char id="34" x="28" y="209" width="27" height="17" xoffset="0" yoffset="0" xadvance="43" page="0" chnl="15" />
    <char id="35" x="39" y="0" width="38" height="38" xoffset="0" yoffset="0" xadvance="43" page="0" chnl="15" />
    <char id="36" x="78" y="0" width="38" height="38" xoffset="0" yoffset="0" xadvance="43" page="0" chnl="15" />
    <char id="37" x="117" y="0" width="38" height="38" xoffset="0" yoffset="0" xadvance="43" page="0" chnl="15" />
    <char id="38" x="156" y="0" width="38" height="38" xoffset="0" yoffset="0" xadvance="43" page="0" chnl="15" />
    <char id="39" x="74" y="209" width="17" height="17" xoffset="5" yoffset="0" xadvance="43" page="0" chnl="15" />
    <char id="40" x="476" y="0" width="17" height="38" xoffset="10" yoffset="0" xadvance="43" page="0" chnl="15" />
    <char id="41" x="494" y="0" width="17" height="38" xoffset="5" yoffset="0" xadvance="43" page="0" chnl="15" />
    <char id="42" x="384" y="170" width="27" height="28" xoffset="0" yoffset="5" xadvance="43" page="0" chnl="15" />
    <char id="43" x="351" y="170" width="32" height="28" xoffset="0" yoffset="5" xadvance="43" page="0" chnl="15" />
    <char id="44" x="56" y="209" width="17" height="17" xoffset="5" yoffset="21" xadvance="43" page="0" chnl="15" />
    <char id="45" x="143" y="204" width="27" height="6" xoffset="0" yoffset="16" xadvance="43" page="0" chnl="15" />
    <char id="46" x="497" y="170" width="12" height="12" xoffset="10" yoffset="21" xadvance="43" page="0" chnl="15" />
    <char id="47" x="273" y="0" width="38" height="38" xoffset="0" yoffset="0" xadvance="43" page="0" chnl="15" />
    <char id="48" x="312" y="175" width="38" height="28" xoffset="0" yoffset="5" xadvance="43" page="0" chnl="15" />
    <char id="49" x="243" y="141" width="32" height="33" xoffset="0" yoffset="0" xadvance="43" page="0" chnl="15" />
    <char id="50" x="373" y="39" width="38" height="33" xoffset="0" yoffset="0" xadvance="43" page="0" chnl="15" />
    <char id="51" x="412" y="39" width="38" height="33" xoffset="0" yoffset="0" xadvance="43" page="0" chnl="15" />
    <char id="52" x="451" y="39" width="38" height="33" xoffset="0" yoffset="0" xadvance="43" page="0" chnl="15" />
    <char id="53" x="0" y="78" width="38" height="33" xoffset="0" yoffset="0" xadvance="43" page="0" chnl="15" />
    <char id="54" x="217" y="39" width="38" height="33" xoffset="0" yoffset="0" xadvance="43" page="0" chnl="15" />
    <char id="55" x="39" y="78" width="38" height="33" xoffset="0" yoffset="0" xadvance="43" page="0" chnl="15" />
    <char id="56" x="78" y="73" width="38" height="33" xoffset="0" yoffset="0" xadvance="43" page="0" chnl="15" />
    <char id="57" x="61" y="39" width="38" height="33" xoffset="0" yoffset="0" xadvance="43" page="0" chnl="15" />
    <char id="58" x="412" y="170" width="12" height="28" xoffset="10" yoffset="5" xadvance="43" page="0" chnl="15" />
    <char id="59" x="490" y="39" width="17" height="33" xoffset="5" yoffset="5" xadvance="43" page="0" chnl="15" />
    <char id="60" x="379" y="0" width="27" height="38" xoffset="0" yoffset="0" xadvance="43" page="0" chnl="15" />
    <char id="61" x="0" y="209" width="27" height="17" xoffset="0" yoffset="10" xadvance="43" page="0" chnl="15" />
    <char id="62" x="351" y="0" width="27" height="38" xoffset="0" yoffset="0" xadvance="43" page="0" chnl="15" />
    <char id="63" x="0" y="0" width="38" height="38" xoffset="0" yoffset="0" xadvance="43" page="0" chnl="15" />
    <char id="64" x="195" y="0" width="38" height="38" xoffset="0" yoffset="0" xadvance="43" page="0" chnl="15" />
    <char id="65" x="156" y="73" width="38" height="33" xoffset="0" yoffset="0" xadvance="43" page="0" chnl="15" />
    <char id="66" x="195" y="73" width="38" height="33" xoffset="0" yoffset="0" xadvance="43" page="0" chnl="15" />
    <char id="67" x="234" y="73" width="38" height="33" xoffset="0" yoffset="0" xadvance="43" page="0" chnl="15" />
    <char id="68" x="273" y="73" width="38" height="33" xoffset="0" yoffset="0" xadvance="43" page="0" chnl="15" />
    <char id="69" x="312" y="73" width="38" height="33" xoffset="0" yoffset="0" xadvance="43" page="0" chnl="15" />
    <char id="70" x="351" y="73" width="38" height="33" xoffset="0" yoffset="0" xadvance="43" page="0" chnl="15" />
    <char id="71" x="390" y="73" width="38" height="33" xoffset="0" yoffset="0" xadvance="43" page="0" chnl="15" />
    <char id="72" x="429" y="73" width="38" height="33" xoffset="0" yoffset="0" xadvance="43" page="0" chnl="15" />
    <char id="73" x="144" y="141" width="32" height="33" xoffset="0" yoffset="0" xadvance="43" page="0" chnl="15" />
    <char id="74" x="468" y="73" width="38" height="33" xoffset="0" yoffset="0" xadvance="43" page="0" chnl="15" />
    <char id="75" x="0" y="112" width="38" height="33" xoffset="0" yoffset="0" xadvance="43" page="0" chnl="15" />
    <char id="76" x="78" y="141" width="32" height="33" xoffset="0" yoffset="0" xadvance="43" page="0" chnl="15" />
    <char id="77" x="39" y="112" width="38" height="33" xoffset="0" yoffset="0" xadvance="43" page="0" chnl="15" />
    <char id="78" x="78" y="107" width="38" height="33" xoffset="0" yoffset="0" xadvance="43" page="0" chnl="15" />
    <char id="79" x="117" y="107" width="38" height="33" xoffset="0" yoffset="0" xadvance="43" page="0" chnl="15" />
    <char id="80" x="156" y="107" width="38" height="33" xoffset="0" yoffset="0" xadvance="43" page="0" chnl="15" />
    <char id="81" x="195" y="107" width="38" height="33" xoffset="0" yoffset="0" xadvance="43" page="0" chnl="15" />
    <char id="82" x="117" y="73" width="38" height="33" xoffset="0" yoffset="0" xadvance="43" page="0" chnl="15" />
    <char id="83" x="234" y="107" width="38" height="33" xoffset="0" yoffset="0" xadvance="43" page="0" chnl="15" />
    <char id="84" x="111" y="141" width="32" height="33" xoffset="0" yoffset="0" xadvance="43" page="0" chnl="15" />
    <char id="85" x="273" y="107" width="38" height="33" xoffset="0" yoffset="0" xadvance="43" page="0" chnl="15" />
    <char id="86" x="312" y="107" width="38" height="33" xoffset="0" yoffset="0" xadvance="43" page="0" chnl="15" />
    <char id="87" x="351" y="107" width="38" height="33" xoffset="0" yoffset="0" xadvance="43" page="0" chnl="15" />
    <char id="88" x="390" y="107" width="38" height="33" xoffset="0" yoffset="0" xadvance="43" page="0" chnl="15" />
    <char id="89" x="429" y="107" width="38" height="33" xoffset="0" yoffset="0" xadvance="43" page="0" chnl="15" />
    <char id="90" x="468" y="107" width="38" height="33" xoffset="0" yoffset="0" xadvance="43" page="0" chnl="15" />
    <char id="91" x="0" y="39" width="17" height="38" xoffset="10" yoffset="0" xadvance="43" page="0" chnl="15" />
    <char id="92" x="312" y="0" width="38" height="38" xoffset="0" yoffset="0" xadvance="43" page="0" chnl="15" />
    <char id="93" x="18" y="39" width="17" height="38" xoffset="5" yoffset="0" xadvance="43" page="0" chnl="15" />
    <char id="94" x="464" y="170" width="32" height="17" xoffset="0" yoffset="0" xadvance="43" page="0" chnl="15" />
    <char id="95" x="110" y="204" width="32" height="7" xoffset="0" yoffset="26" xadvance="43" page="0" chnl="15" />
    <char id="96" x="92" y="204" width="17" height="11" xoffset="5" yoffset="0" xadvance="43" page="0" chnl="15" />
    <char id="97" x="0" y="146" width="38" height="33" xoffset="0" yoffset="0" xadvance="43" page="0" chnl="15" />
    <char id="98" x="39" y="146" width="38" height="33" xoffset="0" yoffset="0" xadvance="43" page="0" chnl="15" />
    <char id="99" x="0" y="180" width="38" height="28" xoffset="0" yoffset="5" xadvance="43" page="0" chnl="15" />
    <char id="100" x="100" y="39" width="38" height="33" xoffset="0" yoffset="0" xadvance="43" page="0" chnl="15" />
    <char id="101" x="39" y="180" width="38" height="28" xoffset="0" yoffset="5" xadvance="43" page="0" chnl="15" />
    <char id="102" x="177" y="141" width="32" height="33" xoffset="0" yoffset="0" xadvance="43" page="0" chnl="15" />
    <char id="103" x="139" y="39" width="38" height="33" xoffset="0" yoffset="5" xadvance="43" page="0" chnl="15" />
    <char id="104" x="178" y="39" width="38" height="33" xoffset="0" yoffset="0" xadvance="43" page="0" chnl="15" />
    <char id="105" x="304" y="141" width="22" height="33" xoffset="5" yoffset="0" xadvance="43" page="0" chnl="15" />
    <char id="106" x="430" y="0" width="22" height="38" xoffset="0" yoffset="0" xadvance="43" page="0" chnl="15" />
    <char id="107" x="210" y="141" width="32" height="33" xoffset="0" yoffset="0" xadvance="43" page="0" chnl="15" />
    <char id="108" x="327" y="141" width="16" height="33" xoffset="0" yoffset="0" xadvance="43" page="0" chnl="15" />
    <char id="109" x="344" y="141" width="38" height="28" xoffset="0" yoffset="5" xadvance="43" page="0" chnl="15" />
    <char id="110" x="78" y="175" width="38" height="28" xoffset="0" yoffset="5" xadvance="43" page="0" chnl="15" />
    <char id="111" x="461" y="141" width="38" height="28" xoffset="0" yoffset="5" xadvance="43" page="0" chnl="15" />
    <char id="112" x="256" y="39" width="38" height="33" xoffset="0" yoffset="5" xadvance="43" page="0" chnl="15" />
    <char id="113" x="295" y="39" width="38" height="33" xoffset="0" yoffset="5" xadvance="43" page="0" chnl="15" />
    <char id="114" x="422" y="141" width="38" height="28" xoffset="0" yoffset="5" xadvance="43" page="0" chnl="15" />
    <char id="115" x="383" y="141" width="38" height="28" xoffset="0" yoffset="5" xadvance="43" page="0" chnl="15" />
    <char id="116" x="276" y="141" width="27" height="33" xoffset="0" yoffset="0" xadvance="43" page="0" chnl="15" />
    <char id="117" x="117" y="175" width="38" height="28" xoffset="0" yoffset="5" xadvance="43" page="0" chnl="15" />
    <char id="118" x="156" y="175" width="38" height="28" xoffset="0" yoffset="5" xadvance="43" page="0" chnl="15" />
    <char id="119" x="195" y="175" width="38" height="28" xoffset="0" yoffset="5" xadvance="43" page="0" chnl="15" />
    <char id="120" x="234" y="175" width="38" height="28" xoffset="0" yoffset="5" xadvance="43" page="0" chnl="15" />
    <char id="121" x="334" y="39" width="38" height="33" xoffset="0" yoffset="5" xadvance="43" page="0" chnl="15" />
    <char id="122" x="273" y="175" width="38" height="28" xoffset="0" yoffset="5" xadvance="43" page="0" chnl="15" />
    <char id="123" x="407" y="0" width="22" height="38" xoffset="5" yoffset="0" xadvance="43" page="0" chnl="15" />
    <char id="124" x="36" y="39" width="12" height="38" xoffset="10" yoffset="0" xadvance="43" page="0" chnl="15" />
    <char id="125" x="453" y="0" width="22" height="38" xoffset="5" yoffset="0" xadvance="43" page="0" chnl="15" />
    <char id="126" x="425" y="170" width="38" height="17" xoffset="0" yoffset="5" xadvance="43" page="0" chnl="15" />
    <char id="160" x="510" y="39" width="1" height="1" xoffset="0" yoffset="0" xadvance="43" page="0" chnl="15" />
    <char id="169" x="234" y="0" width="38" height="38" xoffset="0" yoffset="0" xadvance="43" page="0" chnl="15" />
    <char id="119155" x="507" y="73" width="1" height="1" xoffset="0" yoffset="0" xadvance="43" page="0" chnl="15" />
    <char id="119156" x="509" y="41" width="1" height="1" xoffset="0" yoffset="0" xadvance="43" page="0" chnl="15" />
    <char id="119157" x="61" y="73" width="1" height="1" xoffset="0" yoffset="0" xadvance="43" page="0" chnl="15" />
    <char id="119158" x="61" y="75" width="1" height="1" xoffset="0" yoffset="0" xadvance="43" page="0" chnl="15" />
    <char id="119159" x="63" y="73" width="1" height="1" xoffset="0" yoffset="0" xadvance="43" page="0" chnl="15" />
    <char id="119160" x="63" y="75" width="1" height="1" xoffset="0" yoffset="0" xadvance="43" page="0" chnl="15" />
    <char id="119161" x="65" y="73" width="1" height="1" xoffset="0" yoffset="0" xadvance="43" page="0" chnl="15" />
    <char id="119162" x="65" y="75" width="1" height="1" xoffset="0" yoffset="0" xadvance="43" page="0" chnl="15" />
    <char id="917505" x="67" y="73" width="1" height="1" xoffset="0" yoffset="0" xadvance="43" page="0" chnl="15" />
    <char id="917536" x="67" y="75" width="1" height="1" xoffset="0" yoffset="0" xadvance="43" page="0" chnl="15" />
    <char id="917537" x="69" y="73" width="1" height="1" xoffset="0" yoffset="0" xadvance="43" page="0" chnl="15" />
    <char id="917538" x="69" y="75" width="1" height="1" xoffset="0" yoffset="0" xadvance="43" page="0" chnl="15" />
    <char id="917539" x="71" y="73" width="1" height="1" xoffset="0" yoffset="0" xadvance="43" page="0" chnl="15" />
    <char id="917540" x="71" y="75" width="1" height="1" xoffset="0" yoffset="0" xadvance="43" page="0" chnl="15" />
    <char id="917541" x="73" y="73" width="1" height="1" xoffset="0" yoffset="0" xadvance="43" page="0" chnl="15" />
    <char id="917542" x="73" y="75" width="1" height="1" xoffset="0" yoffset="0" xadvance="43" page="0" chnl="15" />
    <char id="917543" x="75" y="73" width="1" height="1" xoffset="0" yoffset="0" xadvance="43" page="0" chnl="15" />
    <char id="917544" x="75" y="75" width="1" height="1" xoffset="0" yoffset="0" xadvance="43" page="0" chnl="15" />
    <char id="917545" x="507" y="75" width="1" height="1" xoffset="0" yoffset="0" xadvance="43" page="0" chnl="15" />
    <char id="917546" x="509" y="43" width="1" height="1" xoffset="0" yoffset="0" xadvance="43" page="0" chnl="15" />
    <char id="917547" x="507" y="77" width="1" height="1" xoffset="0" yoffset="0" xadvance="43" page="0" chnl="15" />
    <char id="917548" x="509" y="45" width="1" height="1" xoffset="0" yoffset="0" xadvance="43" page="0" chnl="15" />
    <char id="917549" x="507" y="79" width="1" height="1" xoffset="0" yoffset="0" xadvance="43" page="0" chnl="15" />
    <char id="917550" x="509" y="47" width="1" height="1" xoffset="0" yoffset="0" xadvance="43" page="0" chnl="15" />
    <char id="917551" x="507" y="81" width="1" height="1" xoffset="0" yoffset="0" xadvance="43" page="0" chnl="15" />
    <char id="917552" x="509" y="49" width="1" height="1" xoffset="0" yoffset="0" xadvance="43" page="0" chnl="15" />
    <char id="917553" x="507" y="83" width="1" height="1" xoffset="0" yoffset="0" xadvance="43" page="0" chnl="15" />
    <char id="917554" x="509" y="51" width="1" height="1" xoffset="0" yoffset="0" xadvance="43" page="0" chnl="15" />
    <char id="917555" x="507" y="85" width="1" height="1" xoffset="0" yoffset="0" xadvance="43" page="0" chnl="15" />
    <char id="917556" x="509" y="53" width="1" height="1" xoffset="0" yoffset="0" xadvance="43" page="0" chnl="15" />
    <char id="917557" x="507" y="87" width="1" height="1" xoffset="0" yoffset="0" xadvance="43" page="0" chnl="15" />
    <char id="917558" x="509" y="55" width="1" height="1" xoffset="0" yoffset="0" xadvance="43" page="0" chnl="15" />
    <char id="917559" x="507" y="89" width="1" height="1" xoffset="0" yoffset="0" xadvance="43" page="0" chnl="15" />
    <char id="917560" x="509" y="57" width="1" height="1" xoffset="0" yoffset="0" xadvance="43" page="0" chnl="15" />
    <char id="917561" x="507" y="91" width="1" height="1" xoffset="0" yoffset="0" xadvance="43" page="0" chnl="15" />
    <char id="917562" x="509" y="59" width="1" height="1" xoffset="0" yoffset="0" xadvance="43" page="0" chnl="15" />
    <char id="917563" x="507" y="93" width="1" height="1" xoffset="0" yoffset="0" xadvance="43" page="0" chnl="15" />
    <char id="917564" x="509" y="61" width="1" height="1" xoffset="0" yoffset="0" xadvance="43" page="0" chnl="15" />
    <char id="917565" x="507" y="95" width="1" height="1" xoffset="0" yoffset="0" xadvance="43" page="0" chnl="15" />
    <char id="917566" x="509" y="63" width="1" height="1" xoffset="0" yoffset="0" xadvance="43" page="0" chnl="15" />
    <char id="917567" x="507" y="97" width="1" height="1" xoffset="0" yoffset="0" xadvance="43" page="0" chnl="15" />
    <char id="917568" x="509" y="65" width="1" height="1" xoffset="0" yoffset="0" xadvance="43" page="0" chnl="15" />
    <char id="917569" x="507" y="99" width="1" height="1" xoffset="0" yoffset="0" xadvance="43" page="0" chnl="15" />
    <char id="917570" x="509" y="67" width="1" height="1" xoffset="0" yoffset="0" xadvance="43" page="0" chnl="15" />
    <char id="917571" x="507" y="101" width="1" height="1" xoffset="0" yoffset="0" xadvance="43" page="0" chnl="15" />
    <char id="917572" x="509" y="69" width="1" height="1" xoffset="0" yoffset="0" xadvance="43" page="0" chnl="15" />
    <char id="917573" x="507" y="103" width="1" height="1" xoffset="0" yoffset="0" xadvance="43" page="0" chnl="15" />
    <char id="917574" x="509" y="71" width="1" height="1" xoffset="0" yoffset="0" xadvance="43" page="0" chnl="15" />
    <char id="917575" x="507" y="105" width="1" height="1" xoffset="0" yoffset="0" xadvance="43" page="0" chnl="15" />
    <char id="917576" x="509" y="73" width="1" height="1" xoffset="0" yoffset="0" xadvance="43" page="0" chnl="15" />
    <char id="917577" x="507" y="107" width="1" height="1" xoffset="0" yoffset="0" xadvance="43" page="0" chnl="15" />
    <char id="917578" x="509" y="75" width="1" height="1" xoffset="0" yoffset="0" xadvance="43" page="0" chnl="15" />
    <char id="917579" x="500" y="141" width="1" height="1" xoffset="0" yoffset="0" xadvance="43" page="0" chnl="15" />
    <char id="917580" x="502" y="141" width="1" height="1" xoffset="0" yoffset="0" xadvance="43" page="0" chnl="15" />
    <char id="917581" x="504" y="141" width="1" height="1" xoffset="0" yoffset="0" xadvance="43" page="0" chnl="15" />
    <char id="917582" x="506" y="141" width="1" height="1" xoffset="0" yoffset="0" xadvance="43" page="0" chnl="15" />
    <char id="917583" x="508" y="109" width="1" height="1" xoffset="0" yoffset="0" xadvance="43" page="0" chnl="15" />
    <char id="917584" x="510" y="77" width="1" height="1" xoffset="0" yoffset="0" xadvance="43" page="0" chnl="15" />
    <char id="917585" x="508" y="111" width="1" height="1" xoffset="0" yoffset="0" xadvance="43" page="0" chnl="15" />
    <char id="917586" x="510" y="79" width="1" height="1" xoffset="0" yoffset="0" xadvance="43" page="0" chnl="15" />
    <char id="917587" x="508" y="113" width="1" height="1" xoffset="0" yoffset="0" xadvance="43" page="0" chnl="15" />
    <char id="917588" x="510" y="81" width="1" height="1" xoffset="0" yoffset="0" xadvance="43" page="0" chnl="15" />
    <char id="917589" x="510" y="83" width="1" height="1" xoffset="0" yoffset="0" xadvance="43" page="0" chnl="15" />
    <char id="917590" x="344" y="170" width="1" height="1" xoffset="0" yoffset="0" xadvance="43" page="0" chnl="15" />
    <char id="917591" x="344" y="172" width="1" height="1" xoffset="0" yoffset="0" xadvance="43" page="0" chnl="15" />
    <char id="917592" x="346" y="170" width="1" height="1" xoffset="0" yoffset="0" xadvance="43" page="0" chnl="15" />
    <char id="917593" x="346" y="172" width="1" height="1" xoffset="0" yoffset="0" xadvance="43" page="0" chnl="15" />
    <char id="917594" x="348" y="170" width="1" height="1" xoffset="0" yoffset="0" xadvance="43" page="0" chnl="15" />
    <char id="917595" x="348" y="172" width="1" height="1" xoffset="0" yoffset="0" xadvance="43" page="0" chnl="15" />
    <char id="917596" x="500" y="143" width="1" height="1" xoffset="0" yoffset="0" xadvance="43" page="0" chnl="15" />
    <char id="917597" x="500" y="145" width="1" height="1" xoffset="0" yoffset="0" xadvance="43" page="0" chnl="15" />
    <char id="917598" x="500" y="147" width="1" height="1" xoffset="0" yoffset="0" xadvance="43" page="0" chnl="15" />
    <char id="917599" x="500" y="149" width="1" height="1" xoffset="0" yoffset="0" xadvance="43" page="0" chnl="15" />
    <char id="917600" x="500" y="151" width="1" height="1" xoffset="0" yoffset="0" xadvance="43" page="0" chnl="15" />
    <char id="917601" x="500" y="153" width="1" height="1" xoffset="0" yoffset="0" xadvance="43" page="0" chnl="15" />
    <char id="917602" x="500" y="155" width="1" height="1" xoffset="0" yoffset="0" xadvance="43" page="0" chnl="15" />
    <char id="917603" x="500" y="157" width="1" height="1" xoffset="0" yoffset="0" xadvance="43" page="0" chnl="15" />
    <char id="917604" x="500" y="159" width="1" height="1" xoffset="0" yoffset="0" xadvance="43" page="0" chnl="15" />
    <char id="917605" x="500" y="161" width="1" height="1" xoffset="0" yoffset="0" xadvance="43" page="0" chnl="15" />
    <char id="917606" x="500" y="163" width="1" height="1" xoffset="0" yoffset="0" xadvance="43" page="0" chnl="15" />
    <char id="917607" x="500" y="165" width="1" height="1" xoffset="0" yoffset="0" xadvance="43" page="0" chnl="15" />
    <char id="917608" x="500" y="167" width="1" height="1" xoffset="0" yoffset="0" xadvance="43" page="0" chnl="15" />
    <char id="917609" x="502" y="143" width="1" height="1" xoffset="0" yoffset="0" xadvance="43" page="0" chnl="15" />
    <char id="917610" x="502" y="145" width="1" height="1" xoffset="0" yoffset="0" xadvance="43" page="0" chnl="15" />
    <char id="917611" x="502" y="147" width="1" height="1" xoffset="0" yoffset="0" xadvance="43" page="0" chnl="15" />
    <char id="917612" x="502" y="149" width="1" height="1" xoffset="0" yoffset="0" xadvance="43" page="0" chnl="15" />
    <char id="917613" x="502" y="151" width="1" height="1" xoffset="0" yoffset="0" xadvance="43" page="0" chnl="15" />
    <char id="917614" x="502" y="153" width="1" height="1" xoffset="0" yoffset="0" xadvance="43" page="0" chnl="15" />
    <char id="917615" x="502" y="155" width="1" height="1" xoffset="0" yoffset="0" xadvance="43" page="0" chnl="15" />
    <char id="917616" x="502" y="157" width="1" height="1" xoffset="0" yoffset="0" xadvance="43" page="0" chnl="15" />
    <char id="917617" x="502" y="159" width="1" height="1" xoffset="0" yoffset="0" xadvance="43" page="0" chnl="15" />
    <char id="917618" x="502" y="161" width="1" height="1" xoffset="0" yoffset="0" xadvance="43" page="0" chnl="15" />
    <char id="917619" x="502" y="163" width="1" height="1" xoffset="0" yoffset="0" xadvance="43" page="0" chnl="15" />
    <char id="917620" x="502" y="165" width="1" height="1" xoffset="0" yoffset="0" xadvance="43" page="0" chnl="15" />
    <char id="917621" x="502" y="167" width="1" height="1" xoffset="0" yoffset="0" xadvance="43" page="0" chnl="15" />
    <char id="917622" x="504" y="143" width="1" height="1" xoffset="0" yoffset="0" xadvance="43" page="0" chnl="15" />
    <char id="917623" x="504" y="145" width="1" height="1" xoffset="0" yoffset="0" xadvance="43" page="0" chnl="15" />
    <char id="917624" x="504" y="147" width="1" height="1" xoffset="0" yoffset="0" xadvance="43" page="0" chnl="15" />
    <char id="917625" x="504" y="149" width="1" height="1" xoffset="0" yoffset="0" xadvance="43" page="0" chnl="15" />
    <char id="917626" x="504" y="151" width="1" height="1" xoffset="0" yoffset="0" xadvance="43" page="0" chnl="15" />
    <char id="917627" x="504" y="153" width="1" height="1" xoffset="0" yoffset="0" xadvance="43" page="0" chnl="15" />
    <char id="917628" x="504" y="155" width="1" height="1" xoffset="0" yoffset="0" xadvance="43" page="0" chnl="15" />
    <char id="917629" x="504" y="157" width="1" height="1" xoffset="0" yoffset="0" xadvance="43" page="0" chnl="15" />
    <char id="917630" x="504" y="159" width="1" height="1" xoffset="0" yoffset="0" xadvance="43" page="0" chnl="15" />
    <char id="917631" x="504" y="161" width="1" height="1" xoffset="0" yoffset="0" xadvance="43" page="0" chnl="15" />
  </chars>
</font>
